{
  "accuracy": 0.8483333333333334,
  "macro_avg": {
    "precision": 0.8494161169548939,
    "recall": 0.8484260936232625,
    "f1": 0.8482384823848239
  },
  "weighted_avg": {
    "precision": 0.8494837909312415,
    "recall": 0.8483333333333334,
    "f1": 0.8482258355916893
  },
  "per_class": {
    "bad": {
      "precision": 0.8697183098591549,
      "recall": 0.8205980066445183,
      "f1": 0.8444444444444444,
      "support": 301
    },
    "good": {
      "precision": 0.8291139240506329,
      "recall": 0.8762541806020067,
      "f1": 0.8520325203252033,
      "support": 299
    }
  },
  "confusion_matrix": [
    [
      247,
      54
    ],
    [
      37,
      262
    ]
  ]
}