model,class_,precision,recall,f1,support
Phi-3,EMAIL,1.0,0.75,0.8571428571428571,100
Phi-3,PHONE,1.0,0.59,0.7421383647798743,100
Phi-3,CREDIT_CARD,0.3333333333333333,0.4,0.3636363636363636,5
Phi-3,SSN,0.0,0.0,0.0,0
Phi-3,DATE,0.0,0.0,0.0,0
Phi-3,NAME,0.8764044943820225,0.9629629629629629,0.9176470588235294,81
Phi-3,IP,0.0,0.0,0.0,3
Phi-3,IPV6,0.0,0.0,0.0,0
Phi-3,MICRO,0.7985074626865671,"{'class_': 'IPV6', 'precision': 0.0, 'recall': 0.0, 'f1': 0.0, 'support': 0}",0.7684021543985636,-1
