clip,sigma,acc,eps
0.5,0.5,0.8162500262260437,49.27405534758101
0.5,1.0,0.8137500286102295,8.629079743305985
0.5,2.0,0.8112499713897705,2.8271951832203936
1.0,0.5,0.8187500238418579,49.27405534758101
1.0,1.0,0.8224999904632568,8.629079743305985
1.0,2.0,0.8187500238418579,2.8271951832203936
