{
  "iterations": [
    10,
    20,
    30,
    40,
    50,
    60,
    70,
    80,
    90,
    100,
    110,
    120,
    130,
    140,
    150,
    160,
    170,
    180,
    190,
    200,
    210,
    220,
    230,
    240,
    250,
    260,
    270,
    280,
    290,
    300
  ],
  "rewards": [
    0.5318088654401152,
    0.6577211309523812,
    0.8010129148629147,
    0.8298070887445883,
    0.8587147456709948,
    0.863835046897547,
    0.866371076839827,
    0.8543679563492057,
    0.8516986381673881,
    0.8866570797258292,
    0.9104862012987005,
    0.9005032196969698,
    0.9050855519480514,
    0.9034505140692635,
    0.8907954816017312,
    0.8953879870129866,
    0.9002571158008652,
    0.9184632665945167,
    0.9336743416305916,
    0.9263735660173157,
    0.9407871031746028,
    0.9558997655122652,
    0.9603996753246746,
    0.9600002435064934,
    0.9604626533189036,
    0.9612962752525245,
    0.958352507215007,
    0.9625803391053384,
    0.9587678841991343,
    0.9611589556277047
  ]
}