{
  "accuracy": 0.8566666666666667,
  "macro_avg": {
    "precision": 0.8568998677057509,
    "recall": 0.8567095189946554,
    "f1": 0.8566523318998567
  },
  "weighted_avg": {
    "precision": 0.8569331821399059,
    "recall": 0.8566666666666667,
    "f1": 0.8566475536442533
  },
  "per_class": {
    "bad": {
      "precision": 0.8668941979522184,
      "recall": 0.8438538205980066,
      "f1": 0.8552188552188552,
      "support": 301
    },
    "good": {
      "precision": 0.8469055374592834,
      "recall": 0.8695652173913043,
      "f1": 0.858085808580858,
      "support": 299
    }
  },
  "confusion_matrix": [
    [
      254,
      47
    ],
    [
      39,
      260
    ]
  ]
}