id,reasoning_tokens_base,reasoning_tokens_sudoku,reasoning_tokens_mdp,sudoku_overhead,mdp_overhead,sudoku_slowdown,mdp_slowdown
0,457,521,682,64,225,1.140043763676149,1.4923413566739605
1,223,565,778,342,555,2.5336322869955157,3.4887892376681613
2,321,297,904,-24,583,0.9252336448598131,2.8161993769470404
3,547,662,762,115,215,1.210237659963437,1.393053016453382
4,314,421,1024,107,710,1.3407643312101911,3.261146496815287
5,481,649,962,168,481,1.3492723492723493,2.0
6,235,327,987,92,752,1.3914893617021276,4.2
7,305,1024,850,719,545,3.357377049180328,2.7868852459016393
