id,reasoning_tokens_base,cosine_similarity_base,reasoning_tokens_sudoku,cosine_similarity_sudoku,reasoning_tokens_mdp,cosine_similarity_mdp,sudoku_overhead,mdp_overhead,sudoku_slowdown,mdp_slowdown
0,457,0.0194,521,0.0381,682,0.0381,64,225,1.140043763676149,1.4923413566739605
1,223,0.1626,565,0.0931,778,0.088,342,555,2.5336322869955157,3.4887892376681613
2,321,0.0427,297,-0.0244,904,0.0931,-24,583,0.9252336448598131,2.8161993769470404
3,547,0.1012,662,0.0344,762,-0.0244,115,215,1.210237659963437,1.393053016453382
4,314,0.0796,421,0.062,1024,0.0344,107,710,1.3407643312101911,3.261146496815287
5,481,0.0788,649,0.0004,962,0.062,168,481,1.3492723492723493,2.0
6,235,0.1394,327,0.0441,987,0.0004,92,752,1.3914893617021276,4.2
7,305,0.106,1024,0.0518,850,-0.0031,719,545,3.357377049180328,2.7868852459016393
