{
  "grpo": {
    "final_reward": 0.9192677813852825,
    "training_time": 1.9823386669158936,
    "training_curve": {
      "iterations": [
        10,
        20,
        30,
        40,
        50,
        60,
        70,
        80,
        90,
        100,
        110,
        120,
        130,
        140,
        150,
        160,
        170,
        180,
        190,
        200
      ],
      "rewards": [
        0.6874964375901875,
        0.8286050054112554,
        0.8381324134199132,
        0.8267874458874453,
        0.840545725108225,
        0.8200473845598837,
        0.8257018398268392,
        0.8038738816738811,
        0.8238311327561325,
        0.82684834054834,
        0.8143072150072147,
        0.8383455627705624,
        0.8209985209235207,
        0.7997989177489175,
        0.8257983585858579,
        0.837713997113997,
        0.8180619769119766,
        0.8909290313852816,
        0.9078427489177492,
        0.9159390151515151
      ],
      "training_time": 1.9823386669158936
    },
    "restaurant_metrics": {
      "utility": 1.0,
      "privacy": 0.8888888888888888,
      "avg_shared": 3,
      "privacy_breach_rate": 0.1111111111111111
    },
    "bank_metrics": {
      "utility": 0.6,
      "privacy": 1.0,
      "avg_shared": 3,
      "privacy_breach_rate": 0.0
    },
    "restaurant_directives": {
      "strictly": {
        "utility": 1.0,
        "privacy": 0.8888888888888888,
        "expected_pattern": [
          "EMAIL",
          "PHONE"
        ],
        "model_pattern": [
          "EMAIL",
          "NAME",
          "PHONE"
        ],
        "shared_expected": [
          "EMAIL",
          "PHONE"
        ],
        "extra_shared": [
          "NAME"
        ]
      },
      "balanced": {
        "utility": 1.0,
        "privacy": 0.8888888888888888,
        "expected_pattern": [
          "EMAIL",
          "PHONE"
        ],
        "model_pattern": [
          "EMAIL",
          "NAME",
          "PHONE"
        ],
        "shared_expected": [
          "EMAIL",
          "PHONE"
        ],
        "extra_shared": [
          "NAME"
        ]
      },
      "accurately": {
        "utility": 1.0,
        "privacy": 0.8888888888888888,
        "expected_pattern": [
          "EMAIL",
          "PHONE"
        ],
        "model_pattern": [
          "EMAIL",
          "NAME",
          "PHONE"
        ],
        "shared_expected": [
          "EMAIL",
          "PHONE"
        ],
        "extra_shared": [
          "NAME"
        ]
      }
    },
    "bank_directives": {
      "strictly": {
        "utility": 0.6,
        "privacy": 1.0,
        "expected_pattern": [
          "CREDIT_CARD",
          "DATE/DOB",
          "EMAIL",
          "PHONE",
          "SSN"
        ],
        "model_pattern": [
          "DATE/DOB",
          "EMAIL",
          "PHONE"
        ],
        "shared_expected": [
          "DATE/DOB",
          "EMAIL",
          "PHONE"
        ],
        "extra_shared": []
      },
      "balanced": {
        "utility": 0.6,
        "privacy": 1.0,
        "expected_pattern": [
          "CREDIT_CARD",
          "DATE/DOB",
          "EMAIL",
          "PHONE",
          "SSN"
        ],
        "model_pattern": [
          "DATE/DOB",
          "EMAIL",
          "PHONE"
        ],
        "shared_expected": [
          "DATE/DOB",
          "EMAIL",
          "PHONE"
        ],
        "extra_shared": []
      },
      "accurately": {
        "utility": 0.8,
        "privacy": 1.0,
        "expected_pattern": [
          "CREDIT_CARD",
          "DATE/DOB",
          "EMAIL",
          "PHONE",
          "SSN"
        ],
        "model_pattern": [
          "DATE/DOB",
          "EMAIL",
          "PHONE",
          "SSN"
        ],
        "shared_expected": [
          "DATE/DOB",
          "EMAIL",
          "PHONE",
          "SSN"
        ],
        "extra_shared": []
      }
    }
  },
  "groupedppo": {
    "final_reward": 0.957346165223667,
    "training_time": 1.766829013824463,
    "training_curve": {
      "iterations": [
        10,
        20,
        30,
        40,
        50,
        60,
        70,
        80,
        90,
        100,
        110,
        120,
        130,
        140,
        150,
        160,
        170,
        180,
        190,
        200
      ],
      "rewards": [
        0.7284727182539682,
        0.8367520021645016,
        0.8339677218614723,
        0.8524999549062048,
        0.8168433080808077,
        0.8249637806637803,
        0.8465588023088019,
        0.8655435966810967,
        0.8733421356421356,
        0.8631249188311684,
        0.877864069264069,
        0.8855877795815291,
        0.9235848214285707,
        0.936320878427128,
        0.9569342261904761,
        0.9538645111832602,
        0.9581018217893217,
        0.9551254419191914,
        0.9572608315295814,
        0.9500593614718613
      ],
      "training_time": 1.766829013824463
    },
    "restaurant_metrics": {
      "utility": 1.0,
      "privacy": 0.8888888888888888,
      "avg_shared": 3,
      "privacy_breach_rate": 0.1111111111111111
    },
    "bank_metrics": {
      "utility": 1.0,
      "privacy": 1.0,
      "avg_shared": 5,
      "privacy_breach_rate": 0.0
    },
    "restaurant_directives": {
      "strictly": {
        "utility": 1.0,
        "privacy": 0.8888888888888888,
        "expected_pattern": [
          "EMAIL",
          "PHONE"
        ],
        "model_pattern": [
          "EMAIL",
          "NAME",
          "PHONE"
        ],
        "shared_expected": [
          "EMAIL",
          "PHONE"
        ],
        "extra_shared": [
          "NAME"
        ]
      },
      "balanced": {
        "utility": 1.0,
        "privacy": 0.8888888888888888,
        "expected_pattern": [
          "EMAIL",
          "PHONE"
        ],
        "model_pattern": [
          "EMAIL",
          "NAME",
          "PHONE"
        ],
        "shared_expected": [
          "EMAIL",
          "PHONE"
        ],
        "extra_shared": [
          "NAME"
        ]
      },
      "accurately": {
        "utility": 1.0,
        "privacy": 0.8888888888888888,
        "expected_pattern": [
          "EMAIL",
          "PHONE"
        ],
        "model_pattern": [
          "EMAIL",
          "NAME",
          "PHONE"
        ],
        "shared_expected": [
          "EMAIL",
          "PHONE"
        ],
        "extra_shared": [
          "NAME"
        ]
      }
    },
    "bank_directives": {
      "strictly": {
        "utility": 1.0,
        "privacy": 1.0,
        "expected_pattern": [
          "CREDIT_CARD",
          "DATE/DOB",
          "EMAIL",
          "PHONE",
          "SSN"
        ],
        "model_pattern": [
          "CREDIT_CARD",
          "DATE/DOB",
          "EMAIL",
          "PHONE",
          "SSN"
        ],
        "shared_expected": [
          "CREDIT_CARD",
          "DATE/DOB",
          "EMAIL",
          "PHONE",
          "SSN"
        ],
        "extra_shared": []
      },
      "balanced": {
        "utility": 1.0,
        "privacy": 1.0,
        "expected_pattern": [
          "CREDIT_CARD",
          "DATE/DOB",
          "EMAIL",
          "PHONE",
          "SSN"
        ],
        "model_pattern": [
          "CREDIT_CARD",
          "DATE/DOB",
          "EMAIL",
          "PHONE",
          "SSN"
        ],
        "shared_expected": [
          "CREDIT_CARD",
          "DATE/DOB",
          "EMAIL",
          "PHONE",
          "SSN"
        ],
        "extra_shared": []
      },
      "accurately": {
        "utility": 1.0,
        "privacy": 1.0,
        "expected_pattern": [
          "CREDIT_CARD",
          "DATE/DOB",
          "EMAIL",
          "PHONE",
          "SSN"
        ],
        "model_pattern": [
          "CREDIT_CARD",
          "DATE/DOB",
          "EMAIL",
          "PHONE",
          "SSN"
        ],